raceId,year,round,circuitId,name,date,time
1,2009,1,1,Australian Grand Prix,3/29/2009,6:00:00
2,2009,2,2,Malaysian Grand Prix,4/5/2009,9:00:00
3,2009,3,17,Chinese Grand Prix,4/19/2009,7:00:00
4,2009,4,3,Bahrain Grand Prix,4/26/2009,12:00:00
5,2009,5,4,Spanish Grand Prix,5/10/2009,12:00:00
6,2009,6,6,Monaco Grand Prix,5/24/2009,12:00:00
7,2009,7,5,Turkish Grand Prix,6/7/2009,12:00:00
8,2009,8,9,British Grand Prix,6/21/2009,12:00:00
9,2009,9,20,German Grand Prix,7/12/2009,12:00:00
10,2009,10,11,Hungarian Grand Prix,7/26/2009,12:00:00
11,2009,11,12,European Grand Prix,8/23/2009,12:00:00
12,2009,12,13,Belgian Grand Prix,8/30/2009,12:00:00
13,2009,13,14,Italian Grand Prix,9/13/2009,12:00:00
14,2009,14,15,Singapore Grand Prix,9/27/2009,12:00:00
15,2009,15,22,Japanese Grand Prix,10/4/2009,5:00:00
16,2009,16,18,Brazilian Grand Prix,10/18/2009,16:00:00
17,2009,17,24,Abu Dhabi Grand Prix,11/1/2009,11:00:00
18,2008,1,1,Australian Grand Prix,3/16/2008,4:30:00
19,2008,2,2,Malaysian Grand Prix,3/23/2008,7:00:00
20,2008,3,3,Bahrain Grand Prix,4/6/2008,11:30:00
21,2008,4,4,Spanish Grand Prix,4/27/2008,12:00:00
22,2008,5,5,Turkish Grand Prix,5/11/2008,12:00:00
23,2008,6,6,Monaco Grand Prix,5/25/2008,12:00:00
24,2008,7,7,Canadian Grand Prix,6/8/2008,17:00:00
25,2008,8,8,French Grand Prix,6/22/2008,12:00:00
26,2008,9,9,British Grand Prix,7/6/2008,12:00:00
27,2008,10,10,German Grand Prix,7/20/2008,12:00:00
28,2008,11,11,Hungarian Grand Prix,8/3/2008,12:00:00
29,2008,12,12,European Grand Prix,8/24/2008,12:00:00
30,2008,13,13,Belgian Grand Prix,9/7/2008,12:00:00
31,2008,14,14,Italian Grand Prix,9/14/2008,12:00:00
32,2008,15,15,Singapore Grand Prix,9/28/2008,12:00:00
33,2008,16,16,Japanese Grand Prix,10/12/2008,4:30:00
34,2008,17,17,Chinese Grand Prix,10/19/2008,7:00:00
35,2008,18,18,Brazilian Grand Prix,11/2/2008,17:00:00
36,2007,1,1,Australian Grand Prix,3/18/2007,3:00:00
37,2007,2,2,Malaysian Grand Prix,4/8/2007,7:00:00
38,2007,3,3,Bahrain Grand Prix,4/15/2007,11:30:00
39,2007,4,4,Spanish Grand Prix,5/13/2007,12:00:00
40,2007,5,6,Monaco Grand Prix,5/27/2007,12:00:00
41,2007,6,7,Canadian Grand Prix,6/10/2007,17:00:00
42,2007,7,19,United States Grand Prix,6/17/2007,17:00:00
43,2007,8,8,French Grand Prix,7/1/2007,12:00:00
44,2007,9,9,British Grand Prix,7/8/2007,12:00:00
45,2007,10,20,European Grand Prix,7/22/2007,12:00:00
46,2007,11,11,Hungarian Grand Prix,8/5/2007,12:00:00
47,2007,12,5,Turkish Grand Prix,8/26/2007,12:00:00
48,2007,13,14,Italian Grand Prix,9/9/2007,12:00:00
49,2007,14,13,Belgian Grand Prix,9/16/2007,12:00:00
50,2007,15,16,Japanese Grand Prix,9/30/2007,4:30:00
51,2007,16,17,Chinese Grand Prix,10/7/2007,6:00:00
52,2007,17,18,Brazilian Grand Prix,10/21/2007,16:00:00
53,2006,1,3,Bahrain Grand Prix,3/12/2006,14:30:00
54,2006,2,2,Malaysian Grand Prix,3/19/2006,15:00:00
55,2006,3,1,Australian Grand Prix,4/2/2006,14:00:00
56,2006,4,21,San Marino Grand Prix,4/23/2006,14:00:00
57,2006,5,20,European Grand Prix,5/7/2006,14:00:00
58,2006,6,4,Spanish Grand Prix,5/14/2006,14:00:00
59,2006,7,6,Monaco Grand Prix,5/28/2006,14:00:00
60,2006,8,9,British Grand Prix,6/11/2006,12:00:00
61,2006,9,7,Canadian Grand Prix,6/25/2006,13:00:00
62,2006,10,19,United States Grand Prix,7/2/2006,14:00:00
63,2006,11,8,French Grand Prix,7/16/2006,14:00:00
64,2006,12,10,German Grand Prix,7/30/2006,14:00:00
65,2006,13,11,Hungarian Grand Prix,8/6/2006,14:00:00
66,2006,14,5,Turkish Grand Prix,8/27/2006,15:00:00
67,2006,15,14,Italian Grand Prix,9/10/2006,14:00:00
68,2006,16,17,Chinese Grand Prix,10/1/2006,14:00:00
69,2006,17,22,Japanese Grand Prix,10/8/2006,14:00:00
70,2006,18,18,Brazilian Grand Prix,10/22/2006,14:00:00
71,2005,1,1,Australian Grand Prix,3/6/2005,14:00:00
72,2005,2,2,Malaysian Grand Prix,3/20/2005,15:00:00
73,2005,3,3,Bahrain Grand Prix,4/3/2005,14:30:00
74,2005,4,21,San Marino Grand Prix,4/24/2005,14:00:00
75,2005,5,4,Spanish Grand Prix,5/8/2005,14:00:00
76,2005,6,6,Monaco Grand Prix,5/22/2005,14:00:00
77,2005,7,20,European Grand Prix,5/29/2005,14:00:00
78,2005,8,7,Canadian Grand Prix,6/12/2005,13:00:00
79,2005,9,19,United States Grand Prix,6/19/2005,14:00:00
80,2005,10,8,French Grand Prix,7/3/2005,14:00:00
81,2005,11,9,British Grand Prix,7/10/2005,14:00:00
82,2005,12,10,German Grand Prix,7/24/2005,14:00:00
83,2005,13,11,Hungarian Grand Prix,7/31/2005,14:00:00
84,2005,14,5,Turkish Grand Prix,8/21/2005,15:00:00
85,2005,15,14,Italian Grand Prix,9/4/2005,14:00:00
86,2005,16,13,Belgian Grand Prix,9/11/2005,14:00:00
87,2005,17,18,Brazilian Grand Prix,9/25/2005,14:00:00
88,2005,18,22,Japanese Grand Prix,10/9/2005,14:00:00
89,2005,19,17,Chinese Grand Prix,10/16/2005,14:00:00
90,2004,1,1,Australian Grand Prix,3/7/2004,6:00:00
91,2004,2,2,Malaysian Grand Prix,3/21/2004,9:00:00
92,2004,3,3,Bahrain Grand Prix,4/4/2004,7:00:00
93,2004,4,21,San Marino Grand Prix,4/25/2004,12:00:00
94,2004,5,4,Spanish Grand Prix,5/9/2004,12:00:00
95,2004,6,6,Monaco Grand Prix,5/23/2004,12:00:00
96,2004,7,20,European Grand Prix,5/30/2004,12:00:00
97,2004,8,7,Canadian Grand Prix,6/13/2004,12:00:00
98,2004,9,19,United States Grand Prix,6/20/2004,12:00:00
99,2004,10,8,French Grand Prix,7/4/2004,12:00:00
100,2004,11,9,British Grand Prix,7/11/2004,12:00:00
101,2004,12,10,German Grand Prix,7/25/2004,12:00:00
102,2004,13,11,Hungarian Grand Prix,8/15/2004,12:00:00
103,2004,14,13,Belgian Grand Prix,8/29/2004,12:00:00
104,2004,15,14,Italian Grand Prix,9/12/2004,5:00:00
105,2004,16,17,Chinese Grand Prix,9/26/2004,16:00:00
106,2004,17,22,Japanese Grand Prix,10/10/2004,11:00:00
107,2004,18,18,Brazilian Grand Prix,10/24/2004,4:30:00
108,2003,1,1,Australian Grand Prix,3/9/2003,7:00:00
109,2003,2,2,Malaysian Grand Prix,3/23/2003,11:30:00
110,2003,3,18,Brazilian Grand Prix,4/6/2003,12:00:00
111,2003,4,21,San Marino Grand Prix,4/20/2003,12:00:00
112,2003,5,4,Spanish Grand Prix,5/4/2003,12:00:00
113,2003,6,23,Austrian Grand Prix,5/18/2003,17:00:00
114,2003,7,6,Monaco Grand Prix,6/1/2003,12:00:00
115,2003,8,7,Canadian Grand Prix,6/15/2003,12:00:00
116,2003,9,20,European Grand Prix,6/29/2003,12:00:00
117,2003,10,8,French Grand Prix,7/6/2003,12:00:00
118,2003,11,9,British Grand Prix,7/20/2003,12:00:00
119,2003,12,10,German Grand Prix,8/3/2003,12:00:00
120,2003,13,11,Hungarian Grand Prix,8/24/2003,12:00:00
121,2003,14,14,Italian Grand Prix,9/14/2003,12:00:00
122,2003,15,19,United States Grand Prix,9/28/2003,4:30:00
123,2003,16,22,Japanese Grand Prix,10/12/2003,7:00:00
124,2002,1,1,Australian Grand Prix,3/3/2002,17:00:00
125,2002,2,2,Malaysian Grand Prix,3/17/2002,3:00:00
126,2002,3,18,Brazilian Grand Prix,3/31/2002,7:00:00
127,2002,4,21,San Marino Grand Prix,4/14/2002,11:30:00
128,2002,5,4,Spanish Grand Prix,4/28/2002,12:00:00
129,2002,6,23,Austrian Grand Prix,5/12/2002,6:00:00
130,2002,7,6,Monaco Grand Prix,5/26/2002,9:00:00
131,2002,8,7,Canadian Grand Prix,6/9/2002,7:00:00
132,2002,9,20,European Grand Prix,6/23/2002,12:00:00
133,2002,10,9,British Grand Prix,7/7/2002,12:00:00
134,2002,11,8,French Grand Prix,7/21/2002,12:00:00
135,2002,12,10,German Grand Prix,7/28/2002,12:00:00
136,2002,13,11,Hungarian Grand Prix,8/18/2002,12:00:00
137,2002,14,13,Belgian Grand Prix,9/1/2002,12:00:00
138,2002,15,14,Italian Grand Prix,9/15/2002,12:00:00
139,2002,16,19,United States Grand Prix,9/29/2002,12:00:00
140,2002,17,22,Japanese Grand Prix,10/13/2002,12:00:00
141,2001,1,1,Australian Grand Prix,3/4/2001,12:00:00
142,2001,2,2,Malaysian Grand Prix,3/18/2001,12:00:00
143,2001,3,18,Brazilian Grand Prix,4/1/2001,5:00:00
144,2001,4,21,San Marino Grand Prix,4/15/2001,16:00:00
145,2001,5,4,Spanish Grand Prix,4/29/2001,11:00:00
146,2001,6,23,Austrian Grand Prix,5/13/2001,4:30:00
147,2001,7,6,Monaco Grand Prix,5/27/2001,7:00:00
148,2001,8,7,Canadian Grand Prix,6/10/2001,11:30:00
149,2001,9,20,European Grand Prix,6/24/2001,12:00:00
150,2001,10,8,French Grand Prix,7/1/2001,12:00:00
151,2001,11,9,British Grand Prix,7/15/2001,12:00:00
152,2001,12,10,German Grand Prix,7/29/2001,17:00:00
153,2001,13,11,Hungarian Grand Prix,8/19/2001,12:00:00
154,2001,14,13,Belgian Grand Prix,9/2/2001,12:00:00
155,2001,15,14,Italian Grand Prix,9/16/2001,12:00:00
156,2001,16,19,United States Grand Prix,9/30/2001,12:00:00
157,2001,17,22,Japanese Grand Prix,10/14/2001,12:00:00
158,2000,1,1,Australian Grand Prix,3/12/2000,12:00:00
159,2000,2,18,Brazilian Grand Prix,3/26/2000,12:00:00
160,2000,3,21,San Marino Grand Prix,4/9/2000,12:00:00
161,2000,4,9,British Grand Prix,4/23/2000,4:30:00
162,2000,5,4,Spanish Grand Prix,5/7/2000,7:00:00
163,2000,6,20,European Grand Prix,5/21/2000,17:00:00
164,2000,7,6,Monaco Grand Prix,6/4/2000,3:00:00
165,2000,8,7,Canadian Grand Prix,6/18/2000,7:00:00
166,2000,9,8,French Grand Prix,7/2/2000,11:30:00
167,2000,10,23,Austrian Grand Prix,7/16/2000,12:00:00
168,2000,11,10,German Grand Prix,7/30/2000,6:00:00
169,2000,12,11,Hungarian Grand Prix,8/13/2000,9:00:00
170,2000,13,13,Belgian Grand Prix,8/27/2000,7:00:00
171,2000,14,14,Italian Grand Prix,9/10/2000,12:00:00
172,2000,15,19,United States Grand Prix,9/24/2000,12:00:00
173,2000,16,22,Japanese Grand Prix,10/8/2000,12:00:00
174,2000,17,2,Malaysian Grand Prix,10/22/2000,12:00:00
175,1999,1,1,Australian Grand Prix,3/7/1999,12:00:00
176,1999,2,18,Brazilian Grand Prix,4/11/1999,12:00:00
177,1999,3,21,San Marino Grand Prix,5/2/1999,12:00:00
178,1999,4,6,Monaco Grand Prix,5/16/1999,12:00:00
179,1999,5,4,Spanish Grand Prix,5/30/1999,12:00:00
180,1999,6,7,Canadian Grand Prix,6/13/1999,12:00:00
181,1999,7,8,French Grand Prix,6/27/1999,12:00:00
182,1999,8,9,British Grand Prix,7/11/1999,5:00:00
183,1999,9,23,Austrian Grand Prix,7/25/1999,16:00:00
184,1999,10,10,German Grand Prix,8/1/1999,11:00:00
185,1999,11,11,Hungarian Grand Prix,8/15/1999,4:30:00
186,1999,12,13,Belgian Grand Prix,8/29/1999,7:00:00
187,1999,13,14,Italian Grand Prix,9/12/1999,11:30:00
188,1999,14,20,European Grand Prix,9/26/1999,12:00:00
189,1999,15,2,Malaysian Grand Prix,10/17/1999,12:00:00
190,1999,16,22,Japanese Grand Prix,10/31/1999,12:00:00
191,1998,1,1,Australian Grand Prix,3/8/1998,17:00:00
192,1998,2,18,Brazilian Grand Prix,3/29/1998,12:00:00
193,1998,3,25,Argentine Grand Prix,4/12/1998,12:00:00
194,1998,4,21,San Marino Grand Prix,4/26/1998,12:00:00
195,1998,5,4,Spanish Grand Prix,5/10/1998,12:00:00
196,1998,6,6,Monaco Grand Prix,5/24/1998,12:00:00
197,1998,7,7,Canadian Grand Prix,6/7/1998,12:00:00
198,1998,8,8,French Grand Prix,6/28/1998,12:00:00
199,1998,9,9,British Grand Prix,7/12/1998,12:00:00
200,1998,10,23,Austrian Grand Prix,7/26/1998,4:30:00
201,1998,11,10,German Grand Prix,8/2/1998,7:00:00
202,1998,12,11,Hungarian Grand Prix,8/16/1998,17:00:00
203,1998,13,13,Belgian Grand Prix,8/30/1998,3:00:00
204,1998,14,14,Italian Grand Prix,9/13/1998,7:00:00
205,1998,15,20,Luxembourg Grand Prix,9/27/1998,11:30:00
206,1998,16,22,Japanese Grand Prix,11/1/1998,12:00:00
207,1997,1,1,Australian Grand Prix,3/9/1997,6:00:00
208,1997,2,18,Brazilian Grand Prix,3/30/1997,9:00:00
209,1997,3,25,Argentine Grand Prix,4/13/1997,7:00:00
210,1997,4,21,San Marino Grand Prix,4/27/1997,12:00:00
211,1997,5,6,Monaco Grand Prix,5/11/1997,12:00:00
212,1997,6,4,Spanish Grand Prix,5/25/1997,12:00:00
213,1997,7,7,Canadian Grand Prix,6/15/1997,12:00:00
214,1997,8,8,French Grand Prix,6/29/1997,12:00:00
215,1997,9,9,British Grand Prix,7/13/1997,12:00:00
216,1997,10,10,German Grand Prix,7/27/1997,12:00:00
217,1997,11,11,Hungarian Grand Prix,8/10/1997,12:00:00
218,1997,12,13,Belgian Grand Prix,8/24/1997,12:00:00
219,1997,13,14,Italian Grand Prix,9/7/1997,12:00:00
220,1997,14,23,Austrian Grand Prix,9/21/1997,12:00:00
221,1997,15,20,Luxembourg Grand Prix,9/28/1997,5:00:00
222,1997,16,22,Japanese Grand Prix,10/12/1997,16:00:00
223,1997,17,26,European Grand Prix,10/26/1997,11:00:00
224,1996,1,1,Australian Grand Prix,3/10/1996,4:30:00
225,1996,2,18,Brazilian Grand Prix,3/31/1996,7:00:00
226,1996,3,25,Argentine Grand Prix,4/7/1996,11:30:00
227,1996,4,20,European Grand Prix,4/28/1996,12:00:00
228,1996,5,21,San Marino Grand Prix,5/5/1996,12:00:00
229,1996,6,6,Monaco Grand Prix,5/19/1996,12:00:00
230,1996,7,4,Spanish Grand Prix,6/2/1996,17:00:00
231,1996,8,7,Canadian Grand Prix,6/16/1996,12:00:00
232,1996,9,8,French Grand Prix,6/30/1996,12:00:00
233,1996,10,9,British Grand Prix,7/14/1996,12:00:00
234,1996,11,10,German Grand Prix,7/28/1996,12:00:00
235,1996,12,11,Hungarian Grand Prix,8/11/1996,12:00:00
236,1996,13,13,Belgian Grand Prix,8/25/1996,12:00:00
237,1996,14,14,Italian Grand Prix,9/8/1996,12:00:00
238,1996,15,27,Portuguese Grand Prix,9/22/1996,12:00:00
239,1996,16,22,Japanese Grand Prix,10/13/1996,4:30:00
240,1995,1,18,Brazilian Grand Prix,3/26/1995,6:00:00
241,1995,2,25,Argentine Grand Prix,4/9/1995,9:00:00
242,1995,3,21,San Marino Grand Prix,4/30/1995,7:00:00
243,1995,4,4,Spanish Grand Prix,5/14/1995,12:00:00
244,1995,5,6,Monaco Grand Prix,5/28/1995,12:00:00
245,1995,6,7,Canadian Grand Prix,6/11/1995,12:00:00
246,1995,7,8,French Grand Prix,7/2/1995,12:00:00
247,1995,8,9,British Grand Prix,7/16/1995,12:00:00
248,1995,9,10,German Grand Prix,7/30/1995,12:00:00
249,1995,10,11,Hungarian Grand Prix,8/13/1995,12:00:00
250,1995,11,13,Belgian Grand Prix,8/27/1995,12:00:00
251,1995,12,14,Italian Grand Prix,9/10/1995,12:00:00
252,1995,13,27,Portuguese Grand Prix,9/24/1995,12:00:00
253,1995,14,20,European Grand Prix,10/1/1995,12:00:00
254,1995,15,28,Pacific Grand Prix,10/22/1995,5:00:00
255,1995,16,22,Japanese Grand Prix,10/29/1995,16:00:00
256,1995,17,29,Australian Grand Prix,11/12/1995,11:00:00
257,1994,1,18,Brazilian Grand Prix,3/27/1994,4:30:00
258,1994,2,28,Pacific Grand Prix,4/17/1994,7:00:00
259,1994,3,21,San Marino Grand Prix,5/1/1994,11:30:00
260,1994,4,6,Monaco Grand Prix,5/15/1994,12:00:00
261,1994,5,4,Spanish Grand Prix,5/29/1994,12:00:00
262,1994,6,7,Canadian Grand Prix,6/12/1994,12:00:00
263,1994,7,8,French Grand Prix,7/3/1994,17:00:00
264,1994,8,9,British Grand Prix,7/10/1994,12:00:00
265,1994,9,10,German Grand Prix,7/31/1994,12:00:00
266,1994,10,11,Hungarian Grand Prix,8/14/1994,12:00:00
267,1994,11,13,Belgian Grand Prix,8/28/1994,12:00:00
268,1994,12,14,Italian Grand Prix,9/11/1994,12:00:00
269,1994,13,27,Portuguese Grand Prix,9/25/1994,12:00:00
270,1994,14,26,European Grand Prix,10/16/1994,12:00:00
271,1994,15,22,Japanese Grand Prix,11/6/1994,12:00:00
272,1994,16,29,Australian Grand Prix,11/13/1994,4:30:00
273,1993,1,30,South African Grand Prix,3/14/1993,7:00:00
274,1993,2,18,Brazilian Grand Prix,3/28/1993,17:00:00
275,1993,3,31,European Grand Prix,4/11/1993,6:00:00
276,1993,4,21,San Marino Grand Prix,4/25/1993,9:00:00
277,1993,5,4,Spanish Grand Prix,5/9/1993,7:00:00
278,1993,6,6,Monaco Grand Prix,5/23/1993,12:00:00
279,1993,7,7,Canadian Grand Prix,6/13/1993,12:00:00
280,1993,8,8,French Grand Prix,7/4/1993,12:00:00
281,1993,9,9,British Grand Prix,7/11/1993,12:00:00
282,1993,10,10,German Grand Prix,7/25/1993,12:00:00
283,1993,11,11,Hungarian Grand Prix,8/15/1993,12:00:00
284,1993,12,13,Belgian Grand Prix,8/29/1993,12:00:00
285,1993,13,14,Italian Grand Prix,9/12/1993,12:00:00
286,1993,14,27,Portuguese Grand Prix,9/26/1993,12:00:00
287,1993,15,22,Japanese Grand Prix,10/24/1993,12:00:00
288,1993,16,29,Australian Grand Prix,11/7/1993,12:00:00
289,1992,1,30,South African Grand Prix,3/1/1992,5:00:00
290,1992,2,32,Mexican Grand Prix,3/22/1992,16:00:00
291,1992,3,18,Brazilian Grand Prix,4/5/1992,11:00:00
292,1992,4,4,Spanish Grand Prix,5/3/1992,4:30:00
293,1992,5,21,San Marino Grand Prix,5/17/1992,7:00:00
294,1992,6,6,Monaco Grand Prix,5/31/1992,11:30:00
295,1992,7,7,Canadian Grand Prix,6/14/1992,12:00:00
296,1992,8,8,French Grand Prix,7/5/1992,12:00:00
297,1992,9,9,British Grand Prix,7/12/1992,12:00:00
298,1992,10,10,German Grand Prix,7/26/1992,17:00:00
299,1992,11,11,Hungarian Grand Prix,8/16/1992,12:00:00
300,1992,12,13,Belgian Grand Prix,8/30/1992,12:00:00
301,1992,13,14,Italian Grand Prix,9/13/1992,12:00:00
302,1992,14,27,Portuguese Grand Prix,9/27/1992,12:00:00
303,1992,15,22,Japanese Grand Prix,10/25/1992,12:00:00
304,1992,16,29,Australian Grand Prix,11/8/1992,12:00:00
305,1991,1,33,United States Grand Prix,3/10/1991,12:00:00
306,1991,2,18,Brazilian Grand Prix,3/24/1991,12:00:00
307,1991,3,21,San Marino Grand Prix,4/28/1991,4:30:00
308,1991,4,6,Monaco Grand Prix,5/12/1991,6:00:00
309,1991,5,7,Canadian Grand Prix,6/2/1991,9:00:00
310,1991,6,32,Mexican Grand Prix,6/16/1991,7:00:00
311,1991,7,8,French Grand Prix,7/7/1991,12:00:00
312,1991,8,9,British Grand Prix,7/14/1991,12:00:00
313,1991,9,10,German Grand Prix,7/28/1991,12:00:00
314,1991,10,11,Hungarian Grand Prix,8/11/1991,12:00:00
315,1991,11,13,Belgian Grand Prix,8/25/1991,12:00:00
316,1991,12,14,Italian Grand Prix,9/8/1991,12:00:00
317,1991,13,27,Portuguese Grand Prix,9/22/1991,12:00:00
318,1991,14,4,Spanish Grand Prix,9/29/1991,12:00:00
319,1991,15,22,Japanese Grand Prix,10/20/1991,12:00:00
320,1991,16,29,Australian Grand Prix,11/3/1991,12:00:00
321,1990,1,33,United States Grand Prix,3/11/1990,12:00:00
322,1990,2,18,Brazilian Grand Prix,3/25/1990,5:00:00
323,1990,3,21,San Marino Grand Prix,5/13/1990,16:00:00
324,1990,4,6,Monaco Grand Prix,5/27/1990,11:00:00
325,1990,5,7,Canadian Grand Prix,6/10/1990,4:30:00
326,1990,6,32,Mexican Grand Prix,6/24/1990,7:00:00
327,1990,7,34,French Grand Prix,7/8/1990,11:30:00
328,1990,8,9,British Grand Prix,7/15/1990,12:00:00
329,1990,9,10,German Grand Prix,7/29/1990,12:00:00
330,1990,10,11,Hungarian Grand Prix,8/12/1990,12:00:00
331,1990,11,13,Belgian Grand Prix,8/26/1990,17:00:00
332,1990,12,14,Italian Grand Prix,9/9/1990,12:00:00
333,1990,13,27,Portuguese Grand Prix,9/23/1990,12:00:00
334,1990,14,26,Spanish Grand Prix,9/30/1990,12:00:00
335,1990,15,22,Japanese Grand Prix,10/21/1990,12:00:00
336,1990,16,29,Australian Grand Prix,11/4/1990,12:00:00
337,2010,1,3,Bahrain Grand Prix,3/14/2010,12:00:00
338,2010,2,1,Australian Grand Prix,3/28/2010,12:00:00
339,2010,3,2,Malaysian Grand Prix,4/4/2010,12:00:00
340,2010,4,17,Chinese Grand Prix,4/18/2010,4:30:00
341,2010,5,4,Spanish Grand Prix,5/9/2010,7:00:00
342,2010,6,6,Monaco Grand Prix,5/16/2010,17:00:00
343,2010,7,5,Turkish Grand Prix,5/30/2010,3:00:00
344,2010,8,7,Canadian Grand Prix,6/13/2010,7:00:00
345,2010,9,12,European Grand Prix,6/27/2010,11:30:00
346,2010,10,9,British Grand Prix,7/11/2010,12:00:00
347,2010,11,10,German Grand Prix,7/25/2010,12:00:00
348,2010,12,11,Hungarian Grand Prix,8/1/2010,12:00:00
349,2010,13,13,Belgian Grand Prix,8/29/2010,12:00:00
350,2010,14,14,Italian Grand Prix,9/12/2010,12:00:00
351,2010,15,15,Singapore Grand Prix,9/26/2010,12:00:00
352,2010,16,22,Japanese Grand Prix,10/10/2010,6:00:00
353,2010,17,35,Korean Grand Prix,10/24/2010,5:00:00
354,2010,18,18,Brazilian Grand Prix,11/7/2010,16:00:00
355,2010,19,24,Abu Dhabi Grand Prix,11/14/2010,13:00:00
356,1989,1,36,Brazilian Grand Prix,3/26/1989,6:00:00
357,1989,2,21,San Marino Grand Prix,4/23/1989,9:00:00
358,1989,3,6,Monaco Grand Prix,5/7/1989,7:00:00
359,1989,4,32,Mexican Grand Prix,5/28/1989,12:00:00
360,1989,5,33,United States Grand Prix,6/4/1989,12:00:00
361,1989,6,7,Canadian Grand Prix,6/18/1989,12:00:00
362,1989,7,34,French Grand Prix,7/9/1989,12:00:00
363,1989,8,9,British Grand Prix,7/16/1989,12:00:00
364,1989,9,10,German Grand Prix,7/30/1989,12:00:00
365,1989,10,11,Hungarian Grand Prix,8/13/1989,12:00:00
366,1989,11,13,Belgian Grand Prix,8/27/1989,12:00:00
367,1989,12,14,Italian Grand Prix,9/10/1989,12:00:00
368,1989,13,27,Portuguese Grand Prix,9/24/1989,12:00:00
369,1989,14,26,Spanish Grand Prix,10/1/1989,12:00:00
370,1989,15,22,Japanese Grand Prix,10/22/1989,5:00:00
371,1989,16,29,Australian Grand Prix,11/5/1989,16:00:00
372,1988,1,36,Brazilian Grand Prix,4/3/1988,11:00:00
373,1988,2,21,San Marino Grand Prix,5/1/1988,4:30:00
374,1988,3,6,Monaco Grand Prix,5/15/1988,7:00:00
375,1988,4,32,Mexican Grand Prix,5/29/1988,11:30:00
376,1988,5,7,Canadian Grand Prix,6/12/1988,12:00:00
377,1988,6,37,Detroit Grand Prix,6/19/1988,12:00:00
378,1988,7,34,French Grand Prix,7/3/1988,12:00:00
379,1988,8,9,British Grand Prix,7/10/1988,17:00:00
380,1988,9,10,German Grand Prix,7/24/1988,12:00:00
381,1988,10,11,Hungarian Grand Prix,8/7/1988,12:00:00
382,1988,11,13,Belgian Grand Prix,8/28/1988,12:00:00
383,1988,12,14,Italian Grand Prix,9/11/1988,12:00:00
384,1988,13,27,Portuguese Grand Prix,9/25/1988,12:00:00
385,1988,14,26,Spanish Grand Prix,10/2/1988,12:00:00
386,1988,15,22,Japanese Grand Prix,10/30/1988,12:00:00
387,1988,16,29,Australian Grand Prix,11/13/1988,12:00:00
388,1987,1,36,Brazilian Grand Prix,4/12/1987,4:30:00
389,1987,2,21,San Marino Grand Prix,5/3/1987,7:00:00
390,1987,3,13,Belgian Grand Prix,5/17/1987,17:00:00
391,1987,4,6,Monaco Grand Prix,5/31/1987,3:00:00
392,1987,5,37,Detroit Grand Prix,6/21/1987,7:00:00
393,1987,6,34,French Grand Prix,7/5/1987,11:30:00
394,1987,7,9,British Grand Prix,7/12/1987,12:00:00
395,1987,8,10,German Grand Prix,7/26/1987,6:00:00
396,1987,9,11,Hungarian Grand Prix,8/9/1987,9:00:00
397,1987,10,23,Austrian Grand Prix,8/16/1987,7:00:00
398,1987,11,14,Italian Grand Prix,9/6/1987,12:00:00
399,1987,12,27,Portuguese Grand Prix,9/20/1987,12:00:00
400,1987,13,26,Spanish Grand Prix,9/27/1987,12:00:00
401,1987,14,32,Mexican Grand Prix,10/18/1987,12:00:00
402,1987,15,22,Japanese Grand Prix,11/1/1987,12:00:00
403,1987,16,29,Australian Grand Prix,11/15/1987,12:00:00
404,1986,1,36,Brazilian Grand Prix,3/23/1986,12:00:00
405,1986,2,26,Spanish Grand Prix,4/13/1986,12:00:00
406,1986,3,21,San Marino Grand Prix,4/27/1986,12:00:00
407,1986,4,6,Monaco Grand Prix,5/11/1986,12:00:00
408,1986,5,13,Belgian Grand Prix,5/25/1986,12:00:00
409,1986,6,7,Canadian Grand Prix,6/15/1986,5:00:00
410,1986,7,37,Detroit Grand Prix,6/22/1986,16:00:00
411,1986,8,34,French Grand Prix,7/6/1986,11:00:00
412,1986,9,38,British Grand Prix,7/13/1986,4:30:00
413,1986,10,10,German Grand Prix,7/27/1986,7:00:00
414,1986,11,11,Hungarian Grand Prix,8/10/1986,11:30:00
415,1986,12,23,Austrian Grand Prix,8/17/1986,12:00:00
416,1986,13,14,Italian Grand Prix,9/7/1986,12:00:00
417,1986,14,27,Portuguese Grand Prix,9/21/1986,12:00:00
418,1986,15,32,Mexican Grand Prix,10/12/1986,17:00:00
419,1986,16,29,Australian Grand Prix,10/26/1986,12:00:00
420,1985,1,36,Brazilian Grand Prix,4/7/1985,12:00:00
421,1985,2,27,Portuguese Grand Prix,4/21/1985,12:00:00
422,1985,3,21,San Marino Grand Prix,5/5/1985,12:00:00
423,1985,4,6,Monaco Grand Prix,5/19/1985,12:00:00
424,1985,5,7,Canadian Grand Prix,6/16/1985,12:00:00
425,1985,6,37,Detroit Grand Prix,6/23/1985,12:00:00
426,1985,7,34,French Grand Prix,7/7/1985,12:00:00
427,1985,8,9,British Grand Prix,7/21/1985,4:30:00
428,1985,9,20,German Grand Prix,8/4/1985,7:00:00
429,1985,10,23,Austrian Grand Prix,8/18/1985,17:00:00
430,1985,11,39,Dutch Grand Prix,8/25/1985,3:00:00
431,1985,12,14,Italian Grand Prix,9/8/1985,7:00:00
432,1985,13,13,Belgian Grand Prix,9/15/1985,11:30:00
433,1985,14,38,European Grand Prix,10/6/1985,12:00:00
434,1985,15,30,South African Grand Prix,10/19/1985,6:00:00
435,1985,16,29,Australian Grand Prix,11/3/1985,9:00:00
436,1984,1,36,Brazilian Grand Prix,3/25/1984,7:00:00
437,1984,2,30,South African Grand Prix,4/7/1984,12:00:00
438,1984,3,40,Belgian Grand Prix,4/29/1984,12:00:00
439,1984,4,21,San Marino Grand Prix,5/6/1984,12:00:00
440,1984,5,41,French Grand Prix,5/20/1984,12:00:00
441,1984,6,6,Monaco Grand Prix,6/3/1984,12:00:00
442,1984,7,7,Canadian Grand Prix,6/17/1984,12:00:00
443,1984,8,37,Detroit Grand Prix,6/24/1984,12:00:00
444,1984,9,42,Dallas Grand Prix,7/8/1984,12:00:00
445,1984,10,38,British Grand Prix,7/22/1984,12:00:00
446,1984,11,10,German Grand Prix,8/5/1984,12:00:00
447,1984,12,23,Austrian Grand Prix,8/19/1984,12:00:00
448,1984,13,39,Dutch Grand Prix,8/26/1984,5:00:00
449,1984,14,14,Italian Grand Prix,9/9/1984,16:00:00
450,1984,15,20,European Grand Prix,10/7/1984,11:00:00
451,1984,16,27,Portuguese Grand Prix,10/21/1984,4:30:00
452,1983,1,36,Brazilian Grand Prix,3/13/1983,7:00:00
453,1983,2,43,United States Grand Prix West,3/27/1983,11:30:00
454,1983,3,34,French Grand Prix,4/17/1983,12:00:00
455,1983,4,21,San Marino Grand Prix,5/1/1983,12:00:00
456,1983,5,6,Monaco Grand Prix,5/15/1983,12:00:00
457,1983,6,13,Belgian Grand Prix,5/22/1983,17:00:00
458,1983,7,37,Detroit Grand Prix,6/5/1983,12:00:00
459,1983,8,7,Canadian Grand Prix,6/12/1983,12:00:00
460,1983,9,9,British Grand Prix,7/16/1983,12:00:00
461,1983,10,10,German Grand Prix,8/7/1983,12:00:00
462,1983,11,23,Austrian Grand Prix,8/14/1983,12:00:00
463,1983,12,39,Dutch Grand Prix,8/28/1983,12:00:00
464,1983,13,14,Italian Grand Prix,9/11/1983,12:00:00
465,1983,14,38,European Grand Prix,9/25/1983,12:00:00
466,1983,15,30,South African Grand Prix,10/15/1983,4:30:00
467,1982,1,30,South African Grand Prix,1/23/1982,7:00:00
468,1982,2,36,Brazilian Grand Prix,3/21/1982,17:00:00
469,1982,3,43,United States Grand Prix West,4/4/1982,3:00:00
470,1982,4,21,San Marino Grand Prix,4/25/1982,7:00:00
471,1982,5,40,Belgian Grand Prix,5/9/1982,11:30:00
472,1982,6,6,Monaco Grand Prix,5/23/1982,12:00:00
473,1982,7,37,Detroit Grand Prix,6/6/1982,6:00:00
474,1982,8,7,Canadian Grand Prix,6/13/1982,9:00:00
475,1982,9,39,Dutch Grand Prix,7/3/1982,7:00:00
476,1982,10,38,British Grand Prix,7/18/1982,12:00:00
477,1982,11,34,French Grand Prix,7/25/1982,12:00:00
478,1982,12,10,German Grand Prix,8/8/1982,12:00:00
479,1982,13,23,Austrian Grand Prix,8/15/1982,12:00:00
480,1982,14,41,Swiss Grand Prix,8/29/1982,12:00:00
481,1982,15,14,Italian Grand Prix,9/12/1982,12:00:00
482,1982,16,44,Caesars Palace Grand Prix,9/25/1982,12:00:00
483,1981,1,43,United States Grand Prix West,3/15/1981,12:00:00
484,1981,2,36,Brazilian Grand Prix,3/29/1981,12:00:00
485,1981,3,25,Argentine Grand Prix,4/12/1981,12:00:00
486,1981,4,21,San Marino Grand Prix,5/3/1981,12:00:00
487,1981,5,40,Belgian Grand Prix,5/17/1981,5:00:00
488,1981,6,6,Monaco Grand Prix,5/31/1981,16:00:00
489,1981,7,45,Spanish Grand Prix,6/21/1981,11:00:00
490,1981,8,41,French Grand Prix,7/5/1981,4:30:00
491,1981,9,9,British Grand Prix,7/18/1981,7:00:00
492,1981,10,10,German Grand Prix,8/2/1981,11:30:00
493,1981,11,23,Austrian Grand Prix,8/16/1981,12:00:00
494,1981,12,39,Dutch Grand Prix,8/30/1981,12:00:00
495,1981,13,14,Italian Grand Prix,9/13/1981,12:00:00
496,1981,14,7,Canadian Grand Prix,9/27/1981,17:00:00
497,1981,15,44,Caesars Palace Grand Prix,10/17/1981,12:00:00
498,1980,1,25,Argentine Grand Prix,1/13/1980,12:00:00
499,1980,2,18,Brazilian Grand Prix,1/27/1980,12:00:00
500,1980,3,30,South African Grand Prix,3/1/1980,12:00:00
501,1980,4,43,United States Grand Prix West,3/30/1980,12:00:00
502,1980,5,40,Belgian Grand Prix,5/4/1980,12:00:00
503,1980,6,6,Monaco Grand Prix,5/18/1980,12:00:00
504,1980,7,34,French Grand Prix,6/29/1980,12:00:00
505,1980,8,38,British Grand Prix,7/13/1980,4:30:00
506,1980,9,10,German Grand Prix,8/10/1980,7:00:00
507,1980,10,23,Austrian Grand Prix,8/17/1980,17:00:00
508,1980,11,39,Dutch Grand Prix,8/31/1980,3:00:00
509,1980,12,21,Italian Grand Prix,9/14/1980,7:00:00
510,1980,13,7,Canadian Grand Prix,9/28/1980,11:30:00
511,1980,14,46,United States Grand Prix,10/5/1980,12:00:00
512,1979,1,25,Argentine Grand Prix,1/21/1979,6:00:00
513,1979,2,18,Brazilian Grand Prix,2/4/1979,9:00:00
514,1979,3,30,South African Grand Prix,3/3/1979,7:00:00
515,1979,4,43,United States Grand Prix West,4/8/1979,12:00:00
516,1979,5,45,Spanish Grand Prix,4/29/1979,12:00:00
517,1979,6,40,Belgian Grand Prix,5/13/1979,12:00:00
518,1979,7,6,Monaco Grand Prix,5/27/1979,12:00:00
519,1979,8,41,French Grand Prix,7/1/1979,12:00:00
520,1979,9,9,British Grand Prix,7/14/1979,12:00:00
521,1979,10,10,German Grand Prix,7/29/1979,12:00:00
522,1979,11,23,Austrian Grand Prix,8/12/1979,12:00:00
523,1979,12,39,Dutch Grand Prix,8/26/1979,12:00:00
524,1979,13,14,Italian Grand Prix,9/9/1979,12:00:00
525,1979,14,7,Canadian Grand Prix,9/30/1979,12:00:00
526,1979,15,46,United States Grand Prix,10/7/1979,5:00:00
527,1978,1,25,Argentine Grand Prix,1/15/1978,16:00:00
528,1978,2,36,Brazilian Grand Prix,1/29/1978,11:00:00
529,1978,3,30,South African Grand Prix,3/4/1978,4:30:00
530,1978,4,43,United States Grand Prix West,4/2/1978,7:00:00
531,1978,5,6,Monaco Grand Prix,5/7/1978,11:30:00
532,1978,6,40,Belgian Grand Prix,5/21/1978,12:00:00
533,1978,7,45,Spanish Grand Prix,6/4/1978,12:00:00
534,1978,8,47,Swedish Grand Prix,6/17/1978,12:00:00
535,1978,9,34,French Grand Prix,7/2/1978,17:00:00
536,1978,10,38,British Grand Prix,7/16/1978,12:00:00
537,1978,11,10,German Grand Prix,7/30/1978,12:00:00
538,1978,12,23,Austrian Grand Prix,8/13/1978,12:00:00
539,1978,13,39,Dutch Grand Prix,8/27/1978,12:00:00
540,1978,14,14,Italian Grand Prix,9/10/1978,12:00:00
541,1978,15,46,United States Grand Prix,10/1/1978,12:00:00
542,1978,16,7,Canadian Grand Prix,10/8/1978,12:00:00
543,1977,1,25,Argentine Grand Prix,1/9/1977,12:00:00
544,1977,2,18,Brazilian Grand Prix,1/23/1977,4:30:00
545,1977,3,30,South African Grand Prix,3/5/1977,7:00:00
546,1977,4,43,United States Grand Prix West,4/3/1977,17:00:00
547,1977,5,45,Spanish Grand Prix,5/8/1977,3:00:00
548,1977,6,6,Monaco Grand Prix,5/22/1977,7:00:00
549,1977,7,40,Belgian Grand Prix,6/5/1977,11:30:00
550,1977,8,47,Swedish Grand Prix,6/19/1977,12:00:00
551,1977,9,41,French Grand Prix,7/3/1977,6:00:00
552,1977,10,9,British Grand Prix,7/16/1977,9:00:00
553,1977,11,10,German Grand Prix,7/31/1977,7:00:00
554,1977,12,23,Austrian Grand Prix,8/14/1977,12:00:00
555,1977,13,39,Dutch Grand Prix,8/28/1977,12:00:00
556,1977,14,14,Italian Grand Prix,9/11/1977,12:00:00
557,1977,15,46,United States Grand Prix,10/2/1977,12:00:00
558,1977,16,48,Canadian Grand Prix,10/9/1977,12:00:00
559,1977,17,16,Japanese Grand Prix,10/23/1977,12:00:00
560,1976,1,18,Brazilian Grand Prix,1/25/1976,12:00:00
561,1976,2,30,South African Grand Prix,3/6/1976,12:00:00
562,1976,3,43,United States Grand Prix West,3/28/1976,12:00:00
563,1976,4,45,Spanish Grand Prix,5/2/1976,12:00:00
564,1976,5,40,Belgian Grand Prix,5/16/1976,12:00:00
565,1976,6,6,Monaco Grand Prix,5/30/1976,5:00:00
566,1976,7,47,Swedish Grand Prix,6/13/1976,16:00:00
567,1976,8,34,French Grand Prix,7/4/1976,11:00:00
568,1976,9,38,British Grand Prix,7/18/1976,4:30:00
569,1976,10,20,German Grand Prix,8/1/1976,7:00:00
570,1976,11,23,Austrian Grand Prix,8/15/1976,11:30:00
571,1976,12,39,Dutch Grand Prix,8/29/1976,12:00:00
572,1976,13,14,Italian Grand Prix,9/12/1976,12:00:00
573,1976,14,48,Canadian Grand Prix,10/3/1976,12:00:00
574,1976,15,46,United States Grand Prix,10/10/1976,17:00:00
575,1976,16,16,Japanese Grand Prix,10/24/1976,12:00:00
576,1975,1,25,Argentine Grand Prix,1/12/1975,12:00:00
577,1975,2,18,Brazilian Grand Prix,1/26/1975,12:00:00
578,1975,3,30,South African Grand Prix,3/1/1975,12:00:00
579,1975,4,49,Spanish Grand Prix,4/27/1975,12:00:00
580,1975,5,6,Monaco Grand Prix,5/11/1975,12:00:00
581,1975,6,40,Belgian Grand Prix,5/25/1975,12:00:00
582,1975,7,47,Swedish Grand Prix,6/8/1975,12:00:00
583,1975,8,39,Dutch Grand Prix,6/22/1975,4:30:00
584,1975,9,34,French Grand Prix,7/6/1975,7:00:00
585,1975,10,9,British Grand Prix,7/19/1975,17:00:00
586,1975,11,20,German Grand Prix,8/3/1975,3:00:00
587,1975,12,23,Austrian Grand Prix,8/17/1975,7:00:00
588,1975,13,14,Italian Grand Prix,9/7/1975,11:30:00
589,1975,14,46,United States Grand Prix,10/5/1975,12:00:00
590,1974,1,25,Argentine Grand Prix,1/13/1974,6:00:00
591,1974,2,18,Brazilian Grand Prix,1/27/1974,9:00:00
592,1974,3,30,South African Grand Prix,3/30/1974,7:00:00
593,1974,4,45,Spanish Grand Prix,4/28/1974,12:00:00
594,1974,5,50,Belgian Grand Prix,5/12/1974,12:00:00
595,1974,6,6,Monaco Grand Prix,5/26/1974,12:00:00
596,1974,7,47,Swedish Grand Prix,6/9/1974,12:00:00
597,1974,8,39,Dutch Grand Prix,6/23/1974,12:00:00
598,1974,9,41,French Grand Prix,7/7/1974,12:00:00
599,1974,10,38,British Grand Prix,7/20/1974,12:00:00
600,1974,11,20,German Grand Prix,8/4/1974,12:00:00
601,1974,12,23,Austrian Grand Prix,8/18/1974,12:00:00
602,1974,13,14,Italian Grand Prix,9/8/1974,12:00:00
603,1974,14,48,Canadian Grand Prix,9/22/1974,12:00:00
604,1974,15,46,United States Grand Prix,10/6/1974,5:00:00
605,1973,1,25,Argentine Grand Prix,1/28/1973,16:00:00
606,1973,2,18,Brazilian Grand Prix,2/11/1973,11:00:00
607,1973,3,30,South African Grand Prix,3/3/1973,4:30:00
608,1973,4,49,Spanish Grand Prix,4/29/1973,7:00:00
609,1973,5,40,Belgian Grand Prix,5/20/1973,11:30:00
610,1973,6,6,Monaco Grand Prix,6/3/1973,12:00:00
611,1973,7,47,Swedish Grand Prix,6/17/1973,12:00:00
612,1973,8,34,French Grand Prix,7/1/1973,12:00:00
613,1973,9,9,British Grand Prix,7/14/1973,17:00:00
614,1973,10,39,Dutch Grand Prix,7/29/1973,12:00:00
615,1973,11,20,German Grand Prix,8/5/1973,12:00:00
616,1973,12,23,Austrian Grand Prix,8/19/1973,12:00:00
617,1973,13,14,Italian Grand Prix,9/9/1973,12:00:00
618,1973,14,48,Canadian Grand Prix,9/23/1973,12:00:00
619,1973,15,46,United States Grand Prix,10/7/1973,12:00:00
620,1972,1,25,Argentine Grand Prix,1/23/1972,12:00:00
621,1972,2,30,South African Grand Prix,3/4/1972,12:00:00
622,1972,3,45,Spanish Grand Prix,5/1/1972,4:30:00
623,1972,4,6,Monaco Grand Prix,5/14/1972,7:00:00
624,1972,5,50,Belgian Grand Prix,6/4/1972,17:00:00
625,1972,6,51,French Grand Prix,7/2/1972,3:00:00
626,1972,7,38,British Grand Prix,7/15/1972,7:00:00
627,1972,8,20,German Grand Prix,7/30/1972,11:30:00
628,1972,9,23,Austrian Grand Prix,8/13/1972,12:00:00
629,1972,10,14,Italian Grand Prix,9/10/1972,6:00:00
630,1972,11,48,Canadian Grand Prix,9/24/1972,9:00:00
631,1972,12,46,United States Grand Prix,10/8/1972,7:00:00
632,1971,1,30,South African Grand Prix,3/6/1971,12:00:00
633,1971,2,49,Spanish Grand Prix,4/18/1971,12:00:00
634,1971,3,6,Monaco Grand Prix,5/23/1971,12:00:00
635,1971,4,39,Dutch Grand Prix,6/20/1971,12:00:00
636,1971,5,34,French Grand Prix,7/4/1971,12:00:00
637,1971,6,9,British Grand Prix,7/17/1971,12:00:00
638,1971,7,20,German Grand Prix,8/1/1971,12:00:00
639,1971,8,23,Austrian Grand Prix,8/15/1971,12:00:00
640,1971,9,14,Italian Grand Prix,9/5/1971,12:00:00
641,1971,10,48,Canadian Grand Prix,9/19/1971,12:00:00
642,1971,11,46,United States Grand Prix,10/3/1971,12:00:00
643,1970,1,30,South African Grand Prix,3/7/1970,5:00:00
644,1970,2,45,Spanish Grand Prix,4/19/1970,16:00:00
645,1970,3,6,Monaco Grand Prix,5/10/1970,11:00:00
646,1970,4,13,Belgian Grand Prix,6/7/1970,4:30:00
647,1970,5,39,Dutch Grand Prix,6/21/1970,7:00:00
648,1970,6,51,French Grand Prix,7/5/1970,11:30:00
649,1970,7,38,British Grand Prix,7/18/1970,12:00:00
650,1970,8,10,German Grand Prix,8/2/1970,12:00:00
651,1970,9,23,Austrian Grand Prix,8/16/1970,12:00:00
652,1970,10,14,Italian Grand Prix,9/6/1970,17:00:00
653,1970,11,52,Canadian Grand Prix,9/20/1970,12:00:00
654,1970,12,46,United States Grand Prix,10/4/1970,12:00:00
655,1970,13,32,Mexican Grand Prix,10/25/1970,12:00:00
656,1969,1,30,South African Grand Prix,3/1/1969,12:00:00
657,1969,2,49,Spanish Grand Prix,5/4/1969,12:00:00
658,1969,3,6,Monaco Grand Prix,5/18/1969,12:00:00
659,1969,4,39,Dutch Grand Prix,6/21/1969,12:00:00
660,1969,5,51,French Grand Prix,7/6/1969,12:00:00
661,1969,6,9,British Grand Prix,7/19/1969,4:30:00
662,1969,7,20,German Grand Prix,8/3/1969,7:00:00
663,1969,8,14,Italian Grand Prix,9/7/1969,17:00:00
664,1969,9,48,Canadian Grand Prix,9/20/1969,3:00:00
665,1969,10,46,United States Grand Prix,10/5/1969,7:00:00
666,1969,11,32,Mexican Grand Prix,10/19/1969,11:30:00
667,1968,1,30,South African Grand Prix,1/1/1968,12:00:00
668,1968,2,45,Spanish Grand Prix,5/12/1968,6:00:00
669,1968,3,6,Monaco Grand Prix,5/26/1968,9:00:00
670,1968,4,13,Belgian Grand Prix,6/9/1968,7:00:00
671,1968,5,39,Dutch Grand Prix,6/23/1968,12:00:00
672,1968,6,53,French Grand Prix,7/7/1968,12:00:00
673,1968,7,38,British Grand Prix,7/20/1968,12:00:00
674,1968,8,20,German Grand Prix,8/4/1968,12:00:00
675,1968,9,14,Italian Grand Prix,9/8/1968,12:00:00
676,1968,10,52,Canadian Grand Prix,9/22/1968,12:00:00
677,1968,11,46,United States Grand Prix,10/6/1968,12:00:00
678,1968,12,32,Mexican Grand Prix,11/3/1968,12:00:00
679,1967,1,30,South African Grand Prix,1/2/1967,12:00:00
680,1967,2,6,Monaco Grand Prix,5/7/1967,12:00:00
681,1967,3,39,Dutch Grand Prix,6/4/1967,12:00:00
682,1967,4,13,Belgian Grand Prix,6/18/1967,5:00:00
683,1967,5,54,French Grand Prix,7/2/1967,16:00:00
684,1967,6,9,British Grand Prix,7/15/1967,11:00:00
685,1967,7,20,German Grand Prix,8/6/1967,4:30:00
686,1967,8,48,Canadian Grand Prix,8/27/1967,7:00:00
687,1967,9,14,Italian Grand Prix,9/10/1967,11:30:00
688,1967,10,46,United States Grand Prix,10/1/1967,12:00:00
689,1967,11,32,Mexican Grand Prix,10/22/1967,12:00:00
690,1966,1,6,Monaco Grand Prix,5/22/1966,12:00:00
691,1966,2,13,Belgian Grand Prix,6/12/1966,17:00:00
692,1966,3,55,French Grand Prix,7/3/1966,12:00:00
693,1966,4,38,British Grand Prix,7/16/1966,12:00:00
694,1966,5,39,Dutch Grand Prix,7/24/1966,12:00:00
695,1966,6,20,German Grand Prix,8/7/1966,12:00:00
696,1966,7,14,Italian Grand Prix,9/4/1966,12:00:00
697,1966,8,46,United States Grand Prix,10/2/1966,12:00:00
698,1966,9,32,Mexican Grand Prix,10/23/1966,12:00:00
699,1965,1,56,South African Grand Prix,1/1/1965,12:00:00
700,1965,2,6,Monaco Grand Prix,5/30/1965,4:30:00
701,1965,3,13,Belgian Grand Prix,6/13/1965,7:00:00
702,1965,4,51,French Grand Prix,6/27/1965,17:00:00
703,1965,5,9,British Grand Prix,7/10/1965,3:00:00
704,1965,6,39,Dutch Grand Prix,7/18/1965,7:00:00
705,1965,7,20,German Grand Prix,8/1/1965,11:30:00
706,1965,8,14,Italian Grand Prix,9/12/1965,12:00:00
707,1965,9,46,United States Grand Prix,10/3/1965,6:00:00
708,1965,10,32,Mexican Grand Prix,10/24/1965,9:00:00
709,1964,1,6,Monaco Grand Prix,5/10/1964,7:00:00
710,1964,2,39,Dutch Grand Prix,5/24/1964,12:00:00
711,1964,3,13,Belgian Grand Prix,6/14/1964,12:00:00
712,1964,4,53,French Grand Prix,6/28/1964,12:00:00
713,1964,5,38,British Grand Prix,7/11/1964,12:00:00
714,1964,6,20,German Grand Prix,8/2/1964,12:00:00
715,1964,7,57,Austrian Grand Prix,8/23/1964,12:00:00
716,1964,8,14,Italian Grand Prix,9/6/1964,12:00:00
717,1964,9,46,United States Grand Prix,10/4/1964,12:00:00
718,1964,10,32,Mexican Grand Prix,10/25/1964,12:00:00
719,1963,1,6,Monaco Grand Prix,5/26/1963,12:00:00
720,1963,2,13,Belgian Grand Prix,6/9/1963,12:00:00
721,1963,3,39,Dutch Grand Prix,6/23/1963,5:00:00
722,1963,4,55,French Grand Prix,6/30/1963,16:00:00
723,1963,5,9,British Grand Prix,7/20/1963,11:00:00
724,1963,6,20,German Grand Prix,8/4/1963,4:30:00
725,1963,7,14,Italian Grand Prix,9/8/1963,7:00:00
726,1963,8,46,United States Grand Prix,10/6/1963,11:30:00
727,1963,9,32,Mexican Grand Prix,10/27/1963,12:00:00
728,1963,10,56,South African Grand Prix,12/28/1963,12:00:00
729,1962,1,39,Dutch Grand Prix,5/20/1962,12:00:00
730,1962,2,6,Monaco Grand Prix,6/3/1962,17:00:00
731,1962,3,13,Belgian Grand Prix,6/17/1962,12:00:00
732,1962,4,53,French Grand Prix,7/8/1962,12:00:00
733,1962,5,58,British Grand Prix,7/21/1962,12:00:00
734,1962,6,20,German Grand Prix,8/5/1962,12:00:00
735,1962,7,14,Italian Grand Prix,9/16/1962,12:00:00
736,1962,8,46,United States Grand Prix,10/7/1962,12:00:00
737,1962,9,56,South African Grand Prix,12/29/1962,12:00:00
738,1961,1,6,Monaco Grand Prix,5/14/1961,12:00:00
739,1961,2,39,Dutch Grand Prix,5/22/1961,4:30:00
740,1961,3,13,Belgian Grand Prix,6/18/1961,7:00:00
741,1961,4,55,French Grand Prix,7/2/1961,17:00:00
742,1961,5,58,British Grand Prix,7/15/1961,3:00:00
743,1961,6,20,German Grand Prix,8/6/1961,7:00:00
744,1961,7,14,Italian Grand Prix,9/10/1961,11:30:00
745,1961,8,46,United States Grand Prix,10/8/1961,12:00:00
746,1960,1,25,Argentine Grand Prix,2/7/1960,6:00:00
747,1960,2,6,Monaco Grand Prix,5/29/1960,9:00:00
748,1960,3,19,Indianapolis 500,5/30/1960,7:00:00
749,1960,4,39,Dutch Grand Prix,6/6/1960,12:00:00
750,1960,5,13,Belgian Grand Prix,6/19/1960,12:00:00
751,1960,6,55,French Grand Prix,7/3/1960,12:00:00
752,1960,7,9,British Grand Prix,7/16/1960,12:00:00
753,1960,8,59,Portuguese Grand Prix,8/14/1960,12:00:00
754,1960,9,14,Italian Grand Prix,9/4/1960,12:00:00
755,1960,10,60,United States Grand Prix,11/20/1960,12:00:00
756,1959,1,6,Monaco Grand Prix,5/10/1959,12:00:00
757,1959,2,19,Indianapolis 500,5/30/1959,12:00:00
758,1959,3,39,Dutch Grand Prix,5/31/1959,12:00:00
759,1959,4,55,French Grand Prix,7/5/1959,12:00:00
760,1959,5,58,British Grand Prix,7/18/1959,5:00:00
761,1959,6,61,German Grand Prix,8/2/1959,16:00:00
762,1959,7,62,Portuguese Grand Prix,8/23/1959,11:00:00
763,1959,8,14,Italian Grand Prix,9/13/1959,4:30:00
764,1959,9,63,United States Grand Prix,12/12/1959,7:00:00
765,1958,1,25,Argentine Grand Prix,1/19/1958,11:30:00
766,1958,2,6,Monaco Grand Prix,5/18/1958,12:00:00
767,1958,3,39,Dutch Grand Prix,5/26/1958,12:00:00
768,1958,4,19,Indianapolis 500,5/30/1958,12:00:00
769,1958,5,13,Belgian Grand Prix,6/15/1958,17:00:00
770,1958,6,55,French Grand Prix,7/6/1958,12:00:00
771,1958,7,9,British Grand Prix,7/19/1958,12:00:00
772,1958,8,20,German Grand Prix,8/3/1958,12:00:00
773,1958,9,59,Portuguese Grand Prix,8/24/1958,12:00:00
774,1958,10,14,Italian Grand Prix,9/7/1958,12:00:00
775,1958,11,64,Moroccan Grand Prix,10/19/1958,12:00:00
776,1957,1,25,Argentine Grand Prix,1/13/1957,12:00:00
777,1957,2,6,Monaco Grand Prix,5/19/1957,12:00:00
778,1957,3,19,Indianapolis 500,5/30/1957,4:30:00
779,1957,4,53,French Grand Prix,7/7/1957,7:00:00
780,1957,5,58,British Grand Prix,7/20/1957,17:00:00
781,1957,6,20,German Grand Prix,8/4/1957,3:00:00
782,1957,7,65,Pescara Grand Prix,8/18/1957,7:00:00
783,1957,8,14,Italian Grand Prix,9/8/1957,11:30:00
784,1956,1,25,Argentine Grand Prix,1/22/1956,12:00:00
785,1956,2,6,Monaco Grand Prix,5/13/1956,6:00:00
786,1956,3,19,Indianapolis 500,5/30/1956,9:00:00
787,1956,4,13,Belgian Grand Prix,6/3/1956,7:00:00
788,1956,5,55,French Grand Prix,7/1/1956,12:00:00
789,1956,6,9,British Grand Prix,7/14/1956,12:00:00
790,1956,7,20,German Grand Prix,8/5/1956,12:00:00
791,1956,8,14,Italian Grand Prix,9/2/1956,12:00:00
792,1955,1,25,Argentine Grand Prix,1/16/1955,12:00:00
793,1955,2,6,Monaco Grand Prix,5/22/1955,12:00:00
794,1955,3,19,Indianapolis 500,5/30/1955,12:00:00
795,1955,4,13,Belgian Grand Prix,6/5/1955,12:00:00
796,1955,5,39,Dutch Grand Prix,6/19/1955,12:00:00
797,1955,6,58,British Grand Prix,7/16/1955,12:00:00
798,1955,7,14,Italian Grand Prix,9/11/1955,12:00:00
799,1954,1,25,Argentine Grand Prix,1/17/1954,5:00:00
800,1954,2,19,Indianapolis 500,5/31/1954,16:00:00
801,1954,3,13,Belgian Grand Prix,6/20/1954,11:00:00
802,1954,4,55,French Grand Prix,7/4/1954,4:30:00
803,1954,5,9,British Grand Prix,7/17/1954,7:00:00
804,1954,6,20,German Grand Prix,8/1/1954,11:30:00
805,1954,7,66,Swiss Grand Prix,8/22/1954,12:00:00
806,1954,8,14,Italian Grand Prix,9/5/1954,12:00:00
807,1954,9,67,Spanish Grand Prix,10/24/1954,12:00:00
808,1953,1,25,Argentine Grand Prix,1/18/1953,17:00:00
809,1953,2,19,Indianapolis 500,5/30/1953,12:00:00
810,1953,3,39,Dutch Grand Prix,6/7/1953,12:00:00
811,1953,4,13,Belgian Grand Prix,6/21/1953,12:00:00
812,1953,5,55,French Grand Prix,7/5/1953,12:00:00
813,1953,6,9,British Grand Prix,7/18/1953,12:00:00
814,1953,7,20,German Grand Prix,8/2/1953,12:00:00
815,1953,8,66,Swiss Grand Prix,8/23/1953,12:00:00
816,1953,9,14,Italian Grand Prix,9/13/1953,12:00:00
817,1952,1,66,Swiss Grand Prix,5/18/1952,4:30:00
818,1952,2,19,Indianapolis 500,5/30/1952,7:00:00
819,1952,3,13,Belgian Grand Prix,6/22/1952,17:00:00
820,1952,4,53,French Grand Prix,7/6/1952,3:00:00
821,1952,5,9,British Grand Prix,7/19/1952,7:00:00
822,1952,6,20,German Grand Prix,8/3/1952,11:30:00
823,1952,7,39,Dutch Grand Prix,8/17/1952,12:00:00
824,1952,8,14,Italian Grand Prix,9/7/1952,6:00:00
825,1951,1,66,Swiss Grand Prix,5/27/1951,9:00:00
826,1951,2,19,Indianapolis 500,5/30/1951,7:00:00
827,1951,3,13,Belgian Grand Prix,6/17/1951,12:00:00
828,1951,4,55,French Grand Prix,7/1/1951,12:00:00
829,1951,5,9,British Grand Prix,7/14/1951,12:00:00
830,1951,6,20,German Grand Prix,7/29/1951,12:00:00
831,1951,7,14,Italian Grand Prix,9/16/1951,12:00:00
832,1951,8,67,Spanish Grand Prix,10/28/1951,12:00:00
833,1950,1,9,British Grand Prix,5/13/1950,12:00:00
834,1950,2,6,Monaco Grand Prix,5/21/1950,12:00:00
835,1950,3,19,Indianapolis 500,5/30/1950,12:00:00
836,1950,4,66,Swiss Grand Prix,6/4/1950,12:00:00
837,1950,5,13,Belgian Grand Prix,6/18/1950,12:00:00
838,1950,6,55,French Grand Prix,7/2/1950,5:00:00
839,1950,7,14,Italian Grand Prix,9/3/1950,16:00:00
841,2011,1,1,Australian Grand Prix,3/27/2011,6:00:00
842,2011,2,2,Malaysian Grand Prix,4/10/2011,8:00:00
843,2011,3,17,Chinese Grand Prix,4/17/2011,7:00:00
844,2011,4,5,Turkish Grand Prix,5/8/2011,12:00:00
845,2011,5,4,Spanish Grand Prix,5/22/2011,12:00:00
846,2011,6,6,Monaco Grand Prix,5/29/2011,12:00:00
847,2011,7,7,Canadian Grand Prix,6/12/2011,17:00:00
848,2011,8,12,European Grand Prix,6/26/2011,12:00:00
849,2011,9,9,British Grand Prix,7/10/2011,12:00:00
850,2011,10,20,German Grand Prix,7/24/2011,12:00:00
851,2011,11,11,Hungarian Grand Prix,7/31/2011,12:00:00
852,2011,12,13,Belgian Grand Prix,8/28/2011,12:00:00
853,2011,13,14,Italian Grand Prix,9/11/2011,12:00:00
854,2011,14,15,Singapore Grand Prix,9/25/2011,12:00:00
855,2011,15,22,Japanese Grand Prix,10/9/2011,6:00:00
856,2011,16,35,Korean Grand Prix,10/16/2011,6:00:00
857,2011,17,68,Indian Grand Prix,10/30/2011,9:30:00
858,2011,18,24,Abu Dhabi Grand Prix,11/13/2011,13:00:00
859,2011,19,18,Brazilian Grand Prix,11/27/2011,16:00:00
860,2012,1,1,Australian Grand Prix,3/18/2012,6:00:00
861,2012,2,2,Malaysian Grand Prix,3/25/2012,8:00:00
862,2012,3,17,Chinese Grand Prix,4/15/2012,7:00:00
863,2012,4,3,Bahrain Grand Prix,4/22/2012,12:00:00
864,2012,5,4,Spanish Grand Prix,5/13/2012,12:00:00
865,2012,6,6,Monaco Grand Prix,5/27/2012,12:00:00
866,2012,7,7,Canadian Grand Prix,6/10/2012,18:00:00
867,2012,8,12,European Grand Prix,6/24/2012,12:00:00
868,2012,9,9,British Grand Prix,7/8/2012,12:00:00
869,2012,10,10,German Grand Prix,7/22/2012,12:00:00
870,2012,11,11,Hungarian Grand Prix,7/29/2012,12:00:00
871,2012,12,13,Belgian Grand Prix,9/2/2012,12:00:00
872,2012,13,14,Italian Grand Prix,9/9/2012,12:00:00
873,2012,14,15,Singapore Grand Prix,9/23/2012,12:00:00
874,2012,15,22,Japanese Grand Prix,10/7/2012,6:00:00
875,2012,16,35,Korean Grand Prix,10/14/2012,6:00:00
876,2012,17,68,Indian Grand Prix,10/28/2012,9:30:00
877,2012,18,24,Abu Dhabi Grand Prix,11/4/2012,13:00:00
878,2012,19,69,United States Grand Prix,11/18/2012,19:00:00
879,2012,20,18,Brazilian Grand Prix,11/25/2012,16:00:00
880,2013,1,1,Australian Grand Prix,3/17/2013,6:00:00
881,2013,2,2,Malaysian Grand Prix,3/24/2013,8:00:00
882,2013,3,17,Chinese Grand Prix,4/14/2013,7:00:00
883,2013,4,3,Bahrain Grand Prix,4/21/2013,12:00:00
884,2013,5,4,Spanish Grand Prix,5/12/2013,12:00:00
885,2013,6,6,Monaco Grand Prix,5/26/2013,12:00:00
886,2013,7,7,Canadian Grand Prix,6/9/2013,18:00:00
887,2013,8,9,British Grand Prix,6/30/2013,12:00:00
888,2013,9,20,German Grand Prix,7/7/2013,12:00:00
890,2013,10,11,Hungarian Grand Prix,7/28/2013,12:00:00
891,2013,11,13,Belgian Grand Prix,8/25/2013,12:00:00
892,2013,12,14,Italian Grand Prix,9/8/2013,12:00:00
893,2013,13,15,Singapore Grand Prix,9/22/2013,12:00:00
894,2013,14,35,Korean Grand Prix,10/6/2013,6:00:00
895,2013,15,22,Japanese Grand Prix,10/13/2013,6:00:00
896,2013,16,68,Indian Grand Prix,10/27/2013,9:30:00
897,2013,17,24,Abu Dhabi Grand Prix,11/3/2013,13:00:00
898,2013,18,69,United States Grand Prix,11/17/2013,19:00:00
899,2013,19,18,Brazilian Grand Prix,11/24/2013,16:00:00
900,2014,1,1,Australian Grand Prix,3/16/2014,6:00:00
901,2014,2,2,Malaysian Grand Prix,3/30/2014,8:00:00
902,2014,3,3,Bahrain Grand Prix,4/6/2014,15:00:00
903,2014,4,17,Chinese Grand Prix,4/20/2014,7:00:00
904,2014,5,4,Spanish Grand Prix,5/11/2014,12:00:00
905,2014,6,6,Monaco Grand Prix,5/25/2014,12:00:00
906,2014,7,7,Canadian Grand Prix,6/8/2014,18:00:00
907,2014,8,70,Austrian Grand Prix,6/22/2014,12:00:00
908,2014,9,9,British Grand Prix,7/6/2014,12:00:00
909,2014,10,10,German Grand Prix,7/20/2014,12:00:00
910,2014,11,11,Hungarian Grand Prix,7/27/2014,12:00:00
911,2014,12,13,Belgian Grand Prix,8/24/2014,12:00:00
912,2014,13,14,Italian Grand Prix,9/7/2014,12:00:00
913,2014,14,15,Singapore Grand Prix,9/21/2014,12:00:00
914,2014,15,22,Japanese Grand Prix,10/5/2014,6:00:00
915,2014,16,71,Russian Grand Prix,10/12/2014,11:00:00
916,2014,17,69,United States Grand Prix,11/2/2014,20:00:00
917,2014,18,18,Brazilian Grand Prix,11/9/2014,16:00:00
918,2014,19,24,Abu Dhabi Grand Prix,11/23/2014,13:00:00
931,2015,6,6,Monaco Grand Prix,5/24/2015,12:00:00
932,2015,7,7,Canadian Grand Prix,6/7/2015,18:00:00
929,2015,4,3,Bahrain Grand Prix,4/19/2015,15:00:00
930,2015,5,4,Spanish Grand Prix,5/10/2015,12:00:00
928,2015,3,17,Chinese Grand Prix,4/12/2015,6:00:00
926,2015,1,1,Australian Grand Prix,3/15/2015,5:00:00
927,2015,2,2,Malaysian Grand Prix,3/29/2015,7:00:00
933,2015,8,70,Austrian Grand Prix,6/21/2015,12:00:00
934,2015,9,9,British Grand Prix,7/5/2015,12:00:00
936,2015,10,11,Hungarian Grand Prix,7/26/2015,12:00:00
937,2015,11,13,Belgian Grand Prix,8/23/2015,12:00:00
938,2015,12,14,Italian Grand Prix,9/6/2015,12:00:00
939,2015,13,15,Singapore Grand Prix,9/20/2015,12:00:00
940,2015,14,22,Japanese Grand Prix,9/27/2015,5:00:00
941,2015,15,71,Russian Grand Prix,10/11/2015,11:00:00
942,2015,16,69,United States Grand Prix,10/25/2015,19:00:00
943,2015,17,32,Mexican Grand Prix,11/1/2015,19:00:00
944,2015,18,18,Brazilian Grand Prix,11/15/2015,16:00:00
945,2015,19,24,Abu Dhabi Grand Prix,11/29/2015,13:00:00
948,2016,1,1,Australian Grand Prix,3/20/2016,5:00:00
949,2016,2,3,Bahrain Grand Prix,4/3/2016,15:00:00
950,2016,3,17,Chinese Grand Prix,4/17/2016,6:00:00
951,2016,4,71,Russian Grand Prix,5/1/2016,12:00:00
952,2016,5,4,Spanish Grand Prix,5/15/2016,12:00:00
953,2016,6,6,Monaco Grand Prix,5/29/2016,12:00:00
954,2016,7,7,Canadian Grand Prix,6/12/2016,18:00:00
955,2016,8,73,European Grand Prix,6/19/2016,13:00:00
956,2016,9,70,Austrian Grand Prix,7/3/2016,12:00:00
957,2016,10,9,British Grand Prix,7/10/2016,12:00:00
958,2016,11,11,Hungarian Grand Prix,7/24/2016,12:00:00
959,2016,12,10,German Grand Prix,7/31/2016,12:00:00
960,2016,13,13,Belgian Grand Prix,8/28/2016,12:00:00
961,2016,14,14,Italian Grand Prix,9/4/2016,12:00:00
962,2016,15,15,Singapore Grand Prix,9/18/2016,12:00:00
963,2016,16,2,Malaysian Grand Prix,10/2/2016,7:00:00
964,2016,17,22,Japanese Grand Prix,10/9/2016,5:00:00
965,2016,18,69,United States Grand Prix,10/23/2016,19:00:00
966,2016,19,32,Mexican Grand Prix,10/30/2016,19:00:00
967,2016,20,18,Brazilian Grand Prix,11/13/2016,16:00:00
968,2016,21,24,Abu Dhabi Grand Prix,11/27/2016,13:00:00
969,2017,1,1,Australian Grand Prix,3/26/2017,5:00:00
970,2017,2,17,Chinese Grand Prix,4/9/2017,6:00:00
971,2017,3,3,Bahrain Grand Prix,4/16/2017,15:00:00
972,2017,4,71,Russian Grand Prix,4/30/2017,12:00:00
973,2017,5,4,Spanish Grand Prix,5/14/2017,12:00:00
974,2017,6,6,Monaco Grand Prix,5/28/2017,12:00:00
975,2017,7,7,Canadian Grand Prix,6/11/2017,18:00:00
976,2017,8,73,Azerbaijan Grand Prix,6/25/2017,13:00:00
977,2017,9,70,Austrian Grand Prix,7/9/2017,12:00:00
978,2017,10,9,British Grand Prix,7/16/2017,12:00:00
979,2017,11,11,Hungarian Grand Prix,7/30/2017,12:00:00
980,2017,12,13,Belgian Grand Prix,8/27/2017,12:00:00
981,2017,13,14,Italian Grand Prix,9/3/2017,12:00:00
982,2017,14,15,Singapore Grand Prix,9/17/2017,12:00:00
983,2017,15,2,Malaysian Grand Prix,10/1/2017,7:00:00
984,2017,16,22,Japanese Grand Prix,10/8/2017,5:00:00
985,2017,17,69,United States Grand Prix,10/22/2017,19:00:00
986,2017,18,32,Mexican Grand Prix,10/29/2017,19:00:00
987,2017,19,18,Brazilian Grand Prix,11/12/2017,16:00:00
988,2017,20,24,Abu Dhabi Grand Prix,11/26/2017,13:00:00
989,2018,1,1,Australian Grand Prix,3/25/2018,5:00:00
990,2018,2,3,Bahrain Grand Prix,4/8/2018,15:00:00
991,2018,3,17,Chinese Grand Prix,5/15/2018,6:00:00
992,2018,4,73,Azerbaijan Grand Prix,4/29/2018,13:00:00
993,2018,5,4,Spanish Grand Prix,5/13/2018,12:00:00
994,2018,6,6,Monaco Grand Prix,5/27/2018,12:00:00
995,2018,7,7,Canadian Grand Prix,6/10/2018,18:00:00
996,2018,8,34,French Grand Prix,6/24/2018,12:00:00
997,2018,9,70,Austrian Grand Prix,7/1/2018,12:00:00
998,2018,10,9,British Grand Prix,7/8/2018,12:00:00
999,2018,11,10,German Grand Prix,7/22/2018,12:00:00
1000,2018,12,11,Hungarian Grand Prix,7/29/2018,12:00:00
1001,2018,13,13,Belgian Grand Prix,8/26/2018,12:00:00
1002,2018,14,14,Italian Grand Prix,9/2/2018,12:00:00
1003,2018,15,15,Singapore Grand Prix,9/16/2018,12:00:00
1004,2018,16,71,Russian Grand Prix,9/30/2018,12:00:00
1005,2018,17,22,Japanese Grand Prix,10/7/2018,5:00:00
1006,2018,18,69,United States Grand Prix,10/21/2018,19:00:00
1007,2018,19,32,Mexican Grand Prix,10/28/2018,19:00:00
1008,2018,20,18,Brazilian Grand Prix,11/11/2018,16:00:00
1009,2018,21,24,Abu Dhabi Grand Prix,11/25/2018,13:00:00
